group_ab,group_xy,percentil,total_fraudes_baseline,total_fraudes_producao,total_fraudes_safra,percentual_fraudes_total_baseline,percentual_fraudes_total_producao,safra,score
TODOS,X,75,214,225,858,24.941724941724942,26.223776223776223,202304,score_ext_1
TODOS,Y,75,578,544,2095,27.589498806682577,25.966587112171837,202304,score_ext_1
TODOS,X,85,123,137,858,14.335664335664337,15.967365967365968,202304,score_ext_1
TODOS,Y,85,349,333,2095,16.65871121718377,15.894988066825777,202304,score_ext_1
TODOS,X,95,45,53,858,5.244755244755245,6.177156177156177,202304,score_ext_1
TODOS,Y,95,141,126,2095,6.730310262529833,6.014319809069212,202304,score_ext_1
