group_ab,group_xy,percentil,total_fraudes_baseline,total_fraudes_producao,total_fraudes_safra,percentual_fraudes_total_baseline,percentual_fraudes_total_producao,safra,score
TODOS,X,75,217,225,865,25.08670520231214,26.011560693641616,202304,score_final
TODOS,Y,75,583,550,2111,27.617243012790148,26.054002842254853,202304,score_final
TODOS,X,85,112,138,865,12.947976878612716,15.953757225433526,202304,score_final
TODOS,Y,85,376,334,2111,17.811463761250593,15.821885362387494,202304,score_final
TODOS,X,95,33,53,865,3.815028901734104,6.127167630057803,202304,score_final
TODOS,Y,95,133,127,2111,6.300331596399811,6.0161061108479394,202304,score_final
