group_ab,group_xy,percentil,total_fraudes_baseline,total_fraudes_producao,total_fraudes_safra,percentual_fraudes_total_baseline,percentual_fraudes_total_producao,safra,score
A,TODOS,75,378,375,1461,25.87268993839836,25.667351129363446,202304,score_ext_1
B,TODOS,75,413,389,1492,27.680965147453087,26.072386058981234,202304,score_ext_1
A,TODOS,85,231,233,1461,15.811088295687886,15.94798083504449,202304,score_ext_1
B,TODOS,85,245,237,1492,16.420911528150135,15.884718498659517,202304,score_ext_1
A,TODOS,95,90,89,1461,6.160164271047227,6.091718001368926,202304,score_ext_1
B,TODOS,95,92,90,1492,6.166219839142091,6.032171581769437,202304,score_ext_1
