group_ab,group_xy,percentil,total_fraudes_baseline,total_fraudes_producao,total_fraudes_safra,percentual_fraudes_total_baseline,percentual_fraudes_total_producao,safra,score
A,TODOS,75,390,381,1472,26.4945652173913,25.883152173913043,202304,score_final
B,TODOS,75,411,392,1504,27.32712765957447,26.063829787234045,202304,score_final
A,TODOS,85,236,234,1472,16.032608695652172,15.896739130434783,202304,score_final
B,TODOS,85,247,237,1504,16.42287234042553,15.757978723404257,202304,score_final
A,TODOS,95,77,90,1472,5.230978260869565,6.114130434782608,202304,score_final
B,TODOS,95,92,91,1504,6.117021276595745,6.050531914893617,202304,score_final
