safra,score,group_ab,group_xy,ks_value
202306,score_ext_1,A,X,0.06634974533106962
202306,score_ext_1,A,Y,0.07069609507640068
202306,score_ext_1,B,X,0.06152801358234296
202306,score_ext_1,B,Y,0.14940577249575554
