safra,score,group_ab,group_xy,ks_value
202306,score_final,A,X,0.06689075630252102
202306,score_final,A,Y,0.06957983193277312
202306,score_final,B,X,0.08705882352941177
202306,score_final,B,Y,0.11630252100840335
