group_ab,group_xy,percentil,total_fraudes_baseline,total_fraudes_producao,total_fraudes_safra,percentual_fraudes_total_baseline,percentual_fraudes_total_producao,safra,score
A,TODOS,75,379,383,1479,25.625422582826236,25.895875591615958,202306,score_ext_1
B,TODOS,75,406,379,1466,27.694406548431104,25.852660300136428,202306,score_ext_1
A,TODOS,85,228,235,1479,15.415821501014198,15.889114266396215,202306,score_ext_1
B,TODOS,85,248,233,1466,16.916780354706685,15.893587994542974,202306,score_ext_1
A,TODOS,95,83,91,1479,5.611899932386748,6.152805949966194,202306,score_ext_1
B,TODOS,95,104,88,1466,7.094133697135062,6.002728512960437,202306,score_ext_1
