group_ab,group_xy,percentil,total_fraudes_baseline,total_fraudes_producao,total_fraudes_safra,percentual_fraudes_total_baseline,percentual_fraudes_total_producao,safra,score
A,TODOS,75,373,386,1494,24.9665327978581,25.83668005354752,202306,score_final
B,TODOS,75,410,380,1481,27.683997299122215,25.65833896016205,202306,score_final
A,TODOS,85,224,237,1494,14.99330655957162,15.863453815261044,202306,score_final
B,TODOS,85,255,237,1481,17.21809588116138,16.00270087778528,202306,score_final
A,TODOS,95,78,90,1494,5.220883534136546,6.024096385542169,202306,score_final
B,TODOS,95,109,90,1481,7.359891964888589,6.076975016880486,202306,score_final
