group_ab,group_xy,percentil,total_fraudes_baseline,total_fraudes_producao,total_fraudes_safra,percentual_fraudes_total_baseline,percentual_fraudes_total_producao,safra,score
TODOS,X,75,237,226,883,26.840317100792753,25.59456398640997,202306,score_ext_1
TODOS,Y,75,550,529,2062,26.673132880698354,25.654704170708047,202306,score_ext_1
TODOS,X,85,159,142,883,18.006795016987542,16.08154020385051,202306,score_ext_1
TODOS,Y,85,312,331,2062,15.13094083414161,16.052376333656643,202306,score_ext_1
TODOS,X,95,52,53,883,5.889014722536806,6.0022650056625135,202306,score_ext_1
TODOS,Y,95,141,128,2062,6.838021338506304,6.207565470417071,202306,score_ext_1
