group_ab,group_xy,percentil,total_fraudes_baseline,total_fraudes_producao,total_fraudes_safra,percentual_fraudes_total_baseline,percentual_fraudes_total_producao,safra,score
TODOS,X,75,247,230,894,27.628635346756152,25.727069351230426,202306,score_final
TODOS,Y,75,542,538,2081,26.04517059106199,25.85295530994714,202306,score_final
TODOS,X,85,143,145,894,15.995525727069351,16.21923937360179,202306,score_final
TODOS,Y,85,342,329,2081,16.434406535319557,15.8097068716963,202306,score_final
TODOS,X,95,54,55,894,6.0402684563758395,6.152125279642058,202306,score_final
TODOS,Y,95,128,125,2081,6.150888995675157,6.00672753483902,202306,score_final
