group_ab,group_xy,percentil,total_fraudes_baseline,total_fraudes_producao,total_fraudes_safra,percentual_fraudes_total_baseline,percentual_fraudes_total_producao,safra,score
TODOS,X,75,229,233,892,25.672645739910315,26.121076233183853,202305,score_final
TODOS,Y,75,557,531,2074,26.856316297010608,25.602700096432013,202305,score_final
TODOS,X,85,126,143,892,14.125560538116591,16.031390134529147,202305,score_final
TODOS,Y,85,355,330,2074,17.11668273866924,15.911282545805209,202305,score_final
TODOS,X,95,36,54,892,4.0358744394618835,6.053811659192825,202305,score_final
TODOS,Y,95,122,126,2074,5.88235294117647,6.075216972034716,202305,score_final
