group_ab,group_xy,percentil,total_fraudes_baseline,total_fraudes_producao,total_fraudes_safra,percentual_fraudes_total_baseline,percentual_fraudes_total_producao,safra,score
A,TODOS,75,394,388,1511,26.075446724023827,25.6783587028458,202305,score_final
B,TODOS,75,390,376,1455,26.804123711340207,25.841924398625434,202305,score_final
A,TODOS,85,232,241,1511,15.354070152217075,15.949702183984115,202305,score_final
B,TODOS,85,240,233,1455,16.49484536082474,16.013745704467354,202305,score_final
A,TODOS,95,69,91,1511,4.5665122435473195,6.022501654533421,202305,score_final
B,TODOS,95,87,89,1455,5.979381443298969,6.116838487972508,202305,score_final
