group_ab,group_xy,percentil,total_fraudes_baseline,total_fraudes_producao,total_fraudes_safra,percentual_fraudes_total_baseline,percentual_fraudes_total_producao,safra,score
A,TODOS,75,400,384,1500,26.666666666666668,25.6,202305,score_ext_1
B,TODOS,75,400,364,1440,27.77777777777778,25.27777777777778,202305,score_ext_1
A,TODOS,85,257,241,1500,17.133333333333333,16.066666666666666,202305,score_ext_1
B,TODOS,85,255,227,1440,17.708333333333336,15.76388888888889,202305,score_ext_1
A,TODOS,95,95,92,1500,6.333333333333334,6.133333333333333,202305,score_ext_1
B,TODOS,95,95,86,1440,6.597222222222222,5.972222222222222,202305,score_ext_1
