group_ab,group_xy,percentil,total_fraudes_baseline,total_fraudes_producao,total_fraudes_safra,percentual_fraudes_total_baseline,percentual_fraudes_total_producao,safra,score
TODOS,X,75,231,228,883,26.160815402038505,25.821064552661383,202305,score_ext_1
TODOS,Y,75,578,528,2057,28.09917355371901,25.668449197860966,202305,score_ext_1
TODOS,X,85,156,142,883,17.667044167610417,16.08154020385051,202305,score_ext_1
TODOS,Y,85,356,328,2057,17.30675741370929,15.945551774428779,202305,score_ext_1
TODOS,X,95,57,53,883,6.455266138165346,6.0022650056625135,202305,score_ext_1
TODOS,Y,95,130,124,2057,6.319883325230919,6.0281964025279535,202305,score_ext_1
