safra,score,group_ab,group_xy,ks_value
202305,score_final,A,X,0.09222164928007616
202305,score_final,A,Y,0.20042838443536554
202305,score_final,B,X,0.05130696918011979
202305,score_final,B,Y,0.1055689976597517
