safra,score,group_ab,group_xy,ks_value
202305,score_ext_1,A,X,0.09337735094037616
202305,score_ext_1,A,Y,0.2217687074829932
202305,score_ext_1,B,X,0.06832733093237295
202305,score_ext_1,B,Y,0.12404961984793916
