safra,score,group_ab,group_xy,ks_value
202304,score_final,A,X,0.10013440860215056
202304,score_final,A,Y,0.061155913978494625
202304,score_final,B,X,0.18884408602150538
202304,score_final,B,Y,0.08837365591397847
