safra,score,group_ab,group_xy,ks_value
202304,score_ext_1,A,X,0.09807270425065151
202304,score_ext_1,A,Y,0.09720402243849294
202304,score_ext_1,B,X,0.20262371354112987
202304,score_ext_1,B,Y,0.14755812070260166
